Epoch,Loss1,Loss2,Loss3,Fscorecurr,Fscoremax
0,1.0092,1.0036,2.0128,0.414,0.414
1,0.9513,0.8446,1.7959,0.4178,0.4178
2,0.8928,0.7868,1.6796,0.4179,0.4179
3,0.8547,0.7524,1.6071,0.4148,0.4179
4,0.8068,0.7587,1.5655,0.4148,0.4179
5,0.7861,0.732,1.5182,0.4149,0.4179
6,0.7332,0.6932,1.4264,0.4148,0.4179
7,0.7036,0.7103,1.4139,0.4217,0.4217
8,0.7012,0.7135,1.4147,0.4261,0.4261
9,0.7379,0.6938,1.4317,0.4218,0.4261
10,0.6705,0.7109,1.3814,0.4386,0.4386
11,0.6878,0.7256,1.4134,0.4302,0.4386
12,0.6318,0.6995,1.3313,0.4309,0.4386
13,0.6445,0.7015,1.346,0.4309,0.4386
14,0.6454,0.7182,1.3636,0.4481,0.4481
15,0.6059,0.701,1.307,0.42,0.4481
16,0.5963,0.6835,1.2798,0.4107,0.4481
17,0.6123,0.6402,1.2525,0.4335,0.4481
18,0.5714,0.6673,1.2387,0.4447,0.4481
19,0.596,0.6444,1.2404,0.4411,0.4481
20,0.5593,0.6632,1.2224,0.4132,0.4481
21,0.5584,0.6494,1.2078,0.4183,0.4481
22,0.5334,0.687,1.2204,0.3935,0.4481
23,0.5769,0.66,1.2369,0.4374,0.4481
24,0.5187,0.678,1.1967,0.4066,0.4481
25,0.5414,0.6301,1.1716,0.4489,0.4489
26,0.5226,0.6618,1.1844,0.4211,0.4489
27,0.5225,0.6548,1.1773,0.4235,0.4489
28,0.5125,0.64,1.1525,0.3985,0.4489
29,0.5044,0.6472,1.1516,0.4309,0.4489
30,0.5108,0.6965,1.2074,0.3927,0.4489
31,0.5211,0.6617,1.1828,0.4221,0.4489
32,0.4987,0.6063,1.1051,0.4313,0.4489
33,0.485,0.5866,1.0715,0.4062,0.4489
34,0.4833,0.65,1.1333,0.4287,0.4489
35,0.4752,0.6013,1.0765,0.4383,0.4489
36,0.4531,0.6542,1.1073,0.3977,0.4489
37,0.477,0.5882,1.0652,0.3989,0.4489
38,0.4643,0.6021,1.0664,0.4183,0.4489
39,0.5008,0.6071,1.1079,0.4403,0.4489
40,0.4429,0.638,1.0809,0.4112,0.4489
41,0.4505,0.6174,1.0679,0.4401,0.4489
42,0.4719,0.6159,1.0878,0.4187,0.4489
43,0.4339,0.6126,1.0465,0.4692,0.4692
44,0.4327,0.6036,1.0363,0.4183,0.4692
45,0.4461,0.5687,1.0148,0.4626,0.4692
46,0.4201,0.5704,0.9905,0.4255,0.4692
47,0.4373,0.5687,1.006,0.4321,0.4692
48,0.4055,0.5787,0.9843,0.4376,0.4692
49,0.4196,0.6162,1.0358,0.4221,0.4692
50,0.4279,0.5695,0.9974,0.4369,0.4692
51,0.4321,0.5933,1.0254,0.4409,0.4692
52,0.4189,0.5515,0.9704,0.4412,0.4692
53,0.4196,0.5988,1.0184,0.436,0.4692
54,0.4264,0.572,0.9984,0.4371,0.4692
55,0.4197,0.5941,1.0138,0.4265,0.4692
56,0.4065,0.5591,0.9656,0.4183,0.4692
57,0.4227,0.558,0.9808,0.4489,0.4692
58,0.4074,0.5911,0.9985,0.4632,0.4692
59,0.3975,0.554,0.9515,0.418,0.4692
60,0.4147,0.5663,0.981,0.4479,0.4692
61,0.3972,0.5429,0.9401,0.4631,0.4692
62,0.4086,0.5852,0.9939,0.4035,0.4692
63,0.3868,0.5384,0.9253,0.4589,0.4692
64,0.411,0.5422,0.9533,0.4589,0.4692
65,0.3795,0.574,0.9535,0.4357,0.4692
66,0.3964,0.6047,1.0011,0.4627,0.4692
67,0.3852,0.5629,0.9481,0.4319,0.4692
68,0.4094,0.605,1.0144,0.4356,0.4692
69,0.3716,0.559,0.9306,0.4226,0.4692
70,0.3907,0.5434,0.9341,0.4413,0.4692
71,0.3646,0.5499,0.9145,0.4223,0.4692
72,0.39,0.5057,0.8957,0.4629,0.4692
73,0.359,0.524,0.883,0.3917,0.4692
74,0.3694,0.5465,0.9159,0.4108,0.4692
75,0.3814,0.5624,0.9438,0.4027,0.4692
76,0.3625,0.5389,0.9013,0.4004,0.4692
77,0.3414,0.5208,0.8622,0.4139,0.4692
78,0.3332,0.5678,0.901,0.4011,0.4692
79,0.3699,0.5547,0.9246,0.3913,0.4692
80,0.3762,0.5053,0.8815,0.388,0.4692
81,0.3448,0.5067,0.8514,0.3956,0.4692
82,0.3461,0.5336,0.8797,0.3867,0.4692
83,0.3473,0.5098,0.8572,0.3864,0.4692
84,0.3299,0.5386,0.8685,0.3856,0.4692
85,0.374,0.525,0.899,0.4073,0.4692
86,0.362,0.5397,0.9017,0.3699,0.4692
87,0.34,0.5389,0.8789,0.3905,0.4692
88,0.3461,0.4856,0.8316,0.4066,0.4692
89,0.3467,0.5012,0.848,0.4179,0.4692
90,0.3423,0.4817,0.824,0.3973,0.4692
91,0.3308,0.4843,0.8151,0.3895,0.4692
92,0.3591,0.5165,0.8756,0.3856,0.4692
93,0.3223,0.5461,0.8684,0.378,0.4692
94,0.3375,0.5073,0.8448,0.3717,0.4692
95,0.3737,0.4838,0.8575,0.3838,0.4692
96,0.3354,0.493,0.8284,0.3946,0.4692
97,0.3394,0.5042,0.8436,0.3905,0.4692
98,0.346,0.4974,0.8434,0.4088,0.4692
99,0.3181,0.4958,0.814,0.3895,0.4692
100,0.3347,0.5213,0.856,0.397,0.4692
101,0.3048,0.4907,0.7955,0.4301,0.4692
102,0.3606,0.4864,0.847,0.3897,0.4692
103,0.2966,0.4808,0.7774,0.3712,0.4692
104,0.3555,0.4897,0.8452,0.3713,0.4692
105,0.3246,0.4796,0.8042,0.3676,0.4692
106,0.3054,0.4894,0.7948,0.3859,0.4692
107,0.3264,0.4861,0.8125,0.4304,0.4692
108,0.3103,0.448,0.7583,0.3801,0.4692
109,0.3166,0.4774,0.794,0.3733,0.4692
110,0.2961,0.4848,0.7808,0.3687,0.4692
111,0.2893,0.4564,0.7457,0.3571,0.4692
112,0.3293,0.4411,0.7704,0.4188,0.4692
113,0.3123,0.4909,0.8032,0.3649,0.4692
114,0.3014,0.4641,0.7655,0.3762,0.4692
115,0.3189,0.49,0.8089,0.3892,0.4692
116,0.3082,0.4712,0.7793,0.3828,0.4692
117,0.3025,0.4698,0.7723,0.3672,0.4692
118,0.3212,0.4221,0.7433,0.3796,0.4692
119,0.3008,0.4788,0.7796,0.3902,0.4692
120,0.311,0.4479,0.7589,0.3723,0.4692
121,0.305,0.428,0.733,0.3572,0.4692
122,0.3073,0.4428,0.7501,0.3946,0.4692
123,0.2909,0.4869,0.7778,0.4592,0.4692
124,0.2854,0.4867,0.7721,0.365,0.4692
125,0.3046,0.4586,0.7632,0.3717,0.4692
126,0.3067,0.4431,0.7498,0.3857,0.4692
127,0.2941,0.4508,0.7449,0.3895,0.4692
128,0.319,0.4853,0.8043,0.3811,0.4692
129,0.2843,0.4316,0.7159,0.3678,0.4692
130,0.2773,0.4841,0.7614,0.3674,0.4692
131,0.3004,0.4652,0.7657,0.3997,0.4692
132,0.2856,0.415,0.7006,0.4076,0.4692
133,0.2907,0.4401,0.7309,0.3983,0.4692
134,0.3055,0.4473,0.7528,0.4163,0.4692
135,0.2837,0.4365,0.7202,0.4264,0.4692
136,0.2956,0.4644,0.7599,0.4271,0.4692
137,0.2704,0.4243,0.6947,0.3902,0.4692
138,0.2936,0.3911,0.6847,0.4403,0.4692
139,0.2896,0.4395,0.7291,0.3489,0.4692
140,0.2954,0.4328,0.7282,0.3765,0.4692
141,0.2603,0.4032,0.6635,0.3676,0.4692
142,0.2729,0.4291,0.7019,0.3617,0.4692
143,0.2762,0.4258,0.702,0.3769,0.4692
144,0.2659,0.4223,0.6882,0.4283,0.4692
145,0.2815,0.4425,0.724,0.456,0.4692
146,0.2624,0.4412,0.7036,0.4165,0.4692
147,0.2769,0.4176,0.6945,0.418,0.4692
148,0.2662,0.4301,0.6962,0.42,0.4692
149,0.2782,0.4094,0.6875,0.3819,0.4692
150,0.2838,0.3867,0.6705,0.4397,0.4692
151,0.285,0.4258,0.7108,0.4189,0.4692
152,0.2592,0.4225,0.6817,0.4065,0.4692
153,0.2681,0.4162,0.6842,0.4192,0.4692
154,0.2581,0.4178,0.6759,0.3972,0.4692
155,0.2821,0.4052,0.6872,0.4145,0.4692
156,0.2908,0.4191,0.71,0.4247,0.4692
157,0.2609,0.4035,0.6644,0.4182,0.4692
158,0.2662,0.4164,0.6826,0.4286,0.4692
159,0.2629,0.3906,0.6535,0.437,0.4692
160,0.2784,0.4202,0.6986,0.4168,0.4692
161,0.2735,0.4226,0.6961,0.4142,0.4692
162,0.2599,0.387,0.6469,0.428,0.4692
163,0.2576,0.4263,0.6839,0.4016,0.4692
164,0.2474,0.4187,0.6661,0.4123,0.4692
165,0.2495,0.4236,0.6731,0.4448,0.4692
166,0.2557,0.3892,0.6449,0.4392,0.4692
167,0.2578,0.378,0.6359,0.3738,0.4692
168,0.2505,0.4114,0.6619,0.3926,0.4692
169,0.2574,0.4008,0.6582,0.4165,0.4692
170,0.2554,0.3878,0.6431,0.418,0.4692
171,0.2526,0.383,0.6356,0.4172,0.4692
172,0.2583,0.4118,0.6701,0.4093,0.4692
173,0.2546,0.4347,0.6893,0.4077,0.4692
174,0.2588,0.3954,0.6541,0.3946,0.4692
175,0.2408,0.386,0.6267,0.4351,0.4692
176,0.2597,0.3797,0.6394,0.4205,0.4692
177,0.2457,0.3829,0.6287,0.4286,0.4692
178,0.2395,0.3823,0.6218,0.4294,0.4692
179,0.2492,0.3629,0.6121,0.4169,0.4692
180,0.2428,0.3544,0.5972,0.4229,0.4692
181,0.2407,0.3617,0.6025,0.4175,0.4692
182,0.2592,0.391,0.6502,0.4158,0.4692
183,0.256,0.3731,0.6292,0.4183,0.4692
184,0.2538,0.3829,0.6368,0.4191,0.4692
185,0.2566,0.3546,0.6112,0.419,0.4692
186,0.2507,0.3801,0.6309,0.4304,0.4692
187,0.2252,0.3631,0.5883,0.4166,0.4692
188,0.2726,0.3555,0.6281,0.413,0.4692
189,0.2381,0.3717,0.6098,0.4046,0.4692
190,0.2389,0.3307,0.5696,0.4069,0.4692
191,0.2323,0.3466,0.5789,0.3745,0.4692
192,0.2153,0.3655,0.5808,0.4149,0.4692
193,0.2457,0.3757,0.6214,0.3959,0.4692
194,0.2455,0.3637,0.6092,0.3862,0.4692
195,0.2342,0.3895,0.6236,0.4296,0.4692
196,0.2284,0.3596,0.588,0.4329,0.4692
197,0.2508,0.3644,0.6152,0.4152,0.4692
198,0.2292,0.3633,0.5926,0.4079,0.4692
199,0.233,0.3537,0.5867,0.4182,0.4692
200,0.2209,0.3414,0.5623,0.4069,0.4692
201,0.2519,0.3803,0.6322,0.3912,0.4692
202,0.2321,0.3804,0.6126,0.4031,0.4692
203,0.2431,0.3456,0.5887,0.3947,0.4692
204,0.236,0.3646,0.6006,0.3897,0.4692
205,0.2199,0.3523,0.5722,0.392,0.4692
206,0.2264,0.357,0.5835,0.4179,0.4692
207,0.2309,0.3641,0.595,0.3986,0.4692
208,0.2206,0.3508,0.5715,0.4169,0.4692
209,0.2162,0.32,0.5362,0.4042,0.4692
210,0.2137,0.3361,0.5498,0.4081,0.4692
211,0.2194,0.327,0.5464,0.4006,0.4692
212,0.225,0.3544,0.5794,0.4283,0.4692
213,0.2243,0.35,0.5743,0.3894,0.4692
214,0.2338,0.3611,0.5949,0.4174,0.4692
215,0.2177,0.3541,0.5718,0.4175,0.4692
216,0.2495,0.3483,0.5978,0.4042,0.4692
217,0.2122,0.3381,0.5503,0.3983,0.4692
218,0.2253,0.3397,0.565,0.395,0.4692
219,0.2201,0.3351,0.5552,0.3695,0.4692
220,0.2219,0.3204,0.5423,0.3892,0.4692
221,0.2233,0.3348,0.5582,0.398,0.4692
222,0.2069,0.3318,0.5387,0.3763,0.4692
223,0.2265,0.323,0.5495,0.4059,0.4692
224,0.2123,0.3393,0.5516,0.3953,0.4692
225,0.2282,0.2992,0.5273,0.3977,0.4692
226,0.2143,0.3016,0.5158,0.3892,0.4692
227,0.2242,0.3087,0.533,0.3851,0.4692
228,0.2378,0.3006,0.5384,0.3687,0.4692
229,0.2075,0.3196,0.5271,0.4135,0.4692
230,0.2268,0.3183,0.5451,0.4051,0.4692
231,0.2173,0.3055,0.5228,0.401,0.4692
232,0.2105,0.2955,0.506,0.4128,0.4692
233,0.2083,0.3067,0.5149,0.3737,0.4692
234,0.2162,0.3144,0.5306,0.3788,0.4692
235,0.2143,0.2817,0.4961,0.3892,0.4692
236,0.2048,0.2864,0.4912,0.3892,0.4692
237,0.2093,0.3325,0.5419,0.3959,0.4692
238,0.2087,0.3106,0.5193,0.3873,0.4692
239,0.2173,0.2993,0.5166,0.3806,0.4692
240,0.2144,0.2955,0.5099,0.391,0.4692
241,0.2201,0.2839,0.504,0.3959,0.4692
242,0.2129,0.3035,0.5164,0.3601,0.4692
243,0.2012,0.2803,0.4815,0.404,0.4692
244,0.2081,0.2976,0.5057,0.4114,0.4692
245,0.2206,0.2957,0.5162,0.4057,0.4692
246,0.2149,0.2699,0.4849,0.3985,0.4692
247,0.2004,0.3041,0.5045,0.3685,0.4692
248,0.2119,0.2813,0.4932,0.3918,0.4692
249,0.2182,0.2977,0.516,0.3603,0.4692
250,0.2211,0.2998,0.5208,0.3977,0.4692
251,0.2228,0.3158,0.5386,0.3961,0.4692
252,0.2041,0.3025,0.5067,0.4002,0.4692
253,0.2033,0.2888,0.4921,0.3808,0.4692
254,0.2233,0.3106,0.5338,0.3937,0.4692
255,0.1987,0.2634,0.4621,0.3635,0.4692
256,0.1957,0.2773,0.4729,0.3892,0.4692
257,0.2053,0.2699,0.4752,0.364,0.4692
258,0.1934,0.2869,0.4803,0.3636,0.4692
259,0.2013,0.3089,0.5102,0.3741,0.4692
260,0.2136,0.2577,0.4713,0.405,0.4692
261,0.2095,0.2749,0.4845,0.3748,0.4692
262,0.1969,0.3017,0.4986,0.3805,0.4692
263,0.1941,0.2769,0.471,0.3766,0.4692
264,0.1951,0.292,0.4871,0.376,0.4692
265,0.2019,0.3014,0.5033,0.3693,0.4692
266,0.1961,0.2717,0.4678,0.3788,0.4692
267,0.2024,0.2664,0.4688,0.3808,0.4692
268,0.2067,0.2867,0.4934,0.394,0.4692
269,0.2086,0.2763,0.4848,0.4085,0.4692
270,0.2116,0.2674,0.479,0.3892,0.4692
271,0.202,0.2634,0.4654,0.37,0.4692
272,0.2152,0.2622,0.4774,0.372,0.4692
273,0.2008,0.2738,0.4746,0.3868,0.4692
274,0.1826,0.2577,0.4403,0.386,0.4692
275,0.1901,0.2674,0.4575,0.3888,0.4692
276,0.1915,0.2745,0.466,0.3716,0.4692
277,0.1943,0.2818,0.4761,0.3871,0.4692
278,0.1987,0.279,0.4777,0.3871,0.4692
279,0.1885,0.2652,0.4537,0.3875,0.4692
280,0.1849,0.253,0.4379,0.3693,0.4692
281,0.1775,0.272,0.4495,0.3788,0.4692
282,0.1961,0.2695,0.4656,0.3725,0.4692
283,0.1967,0.2522,0.4489,0.3496,0.4692
284,0.187,0.2614,0.4484,0.3857,0.4692
285,0.1765,0.2154,0.3919,0.3729,0.4692
286,0.2038,0.2444,0.4482,0.3657,0.4692
287,0.2082,0.2451,0.4532,0.4033,0.4692
288,0.1905,0.2452,0.4357,0.3899,0.4692
289,0.185,0.2391,0.4241,0.3542,0.4692
290,0.2005,0.254,0.4545,0.3661,0.4692
291,0.1886,0.2639,0.4525,0.3815,0.4692
292,0.2059,0.2442,0.4501,0.3542,0.4692
293,0.177,0.2322,0.4092,0.3558,0.4692
294,0.1825,0.2193,0.4018,0.3672,0.4692
295,0.1762,0.2421,0.4182,0.3632,0.4692
296,0.1987,0.265,0.4636,0.3738,0.4692
297,0.1887,0.2232,0.4119,0.3452,0.4692
298,0.1803,0.2511,0.4315,0.3597,0.4692
299,0.1771,0.2559,0.433,0.393,0.4692
0,1.0682,0.9177,1.9859,0.4351,0.4351
1,0.8978,0.8193,1.7171,0.4313,0.4351
2,0.8667,0.7543,1.6211,0.4034,0.4351
3,0.8105,0.7091,1.5197,0.3903,0.4351
4,0.8437,0.7078,1.5515,0.4679,0.4679
5,0.7623,0.7011,1.4634,0.3983,0.4679
6,0.7422,0.6954,1.4376,0.3833,0.4679
7,0.6893,0.6999,1.3892,0.4203,0.4679
8,0.6855,0.7089,1.3944,0.4197,0.4679
9,0.6977,0.6977,1.3954,0.4231,0.4679
10,0.6294,0.6729,1.3023,0.4386,0.4679
11,0.6664,0.6449,1.3113,0.4386,0.4679
12,0.642,0.67,1.312,0.4203,0.4679
13,0.6239,0.6337,1.2576,0.4203,0.4679
14,0.5871,0.6998,1.2869,0.4441,0.4679
15,0.5826,0.6703,1.2528,0.4287,0.4679
16,0.6111,0.6478,1.2589,0.4409,0.4679
17,0.5965,0.6075,1.204,0.4025,0.4679
18,0.5709,0.6522,1.2231,0.4588,0.4679
19,0.5484,0.5983,1.1467,0.4368,0.4679
20,0.5309,0.6179,1.1487,0.4132,0.4679
21,0.5504,0.6255,1.1759,0.4207,0.4679
22,0.5136,0.6352,1.1488,0.4453,0.4679
23,0.5287,0.5916,1.1203,0.4129,0.4679
24,0.521,0.5882,1.1092,0.4333,0.4679
25,0.514,0.6206,1.1346,0.4223,0.4679
26,0.5146,0.6351,1.1497,0.4715,0.4715
27,0.4851,0.659,1.1441,0.4725,0.4725
28,0.5016,0.6221,1.1237,0.4658,0.4725
29,0.4804,0.5688,1.0492,0.3984,0.4725
30,0.4592,0.5619,1.0212,0.4619,0.4725
31,0.4882,0.6065,1.0947,0.4242,0.4725
32,0.4776,0.5746,1.0522,0.4383,0.4725
33,0.4838,0.5911,1.0749,0.4383,0.4725
34,0.4522,0.6064,1.0586,0.4203,0.4725
35,0.4511,0.5714,1.0225,0.456,0.4725
36,0.4518,0.5295,0.9813,0.4221,0.4725
37,0.4433,0.5751,1.0184,0.4203,0.4725
38,0.4401,0.5931,1.0332,0.4383,0.4725
39,0.4155,0.5633,0.9787,0.4203,0.4725
40,0.4333,0.6235,1.0568,0.4742,0.4742
41,0.4538,0.5191,0.9729,0.4219,0.4742
42,0.4224,0.5713,0.9938,0.4458,0.4742
43,0.4025,0.5698,0.9723,0.4219,0.4742
44,0.4268,0.5841,1.0108,0.4579,0.4742
45,0.427,0.5642,0.9912,0.4347,0.4742
46,0.4129,0.5804,0.9933,0.4351,0.4742
47,0.4052,0.5347,0.9399,0.464,0.4742
48,0.3869,0.5403,0.9271,0.4647,0.4742
49,0.4109,0.5224,0.9333,0.4527,0.4742
50,0.384,0.5359,0.9199,0.4329,0.4742
51,0.3874,0.542,0.9294,0.4497,0.4742
52,0.4182,0.5503,0.9686,0.4247,0.4742
53,0.4075,0.5581,0.9656,0.4433,0.4742
54,0.4018,0.564,0.9659,0.4437,0.4742
55,0.3802,0.5598,0.9401,0.424,0.4742
56,0.3988,0.5556,0.9543,0.4377,0.4742
57,0.3985,0.5469,0.9454,0.4205,0.4742
58,0.3958,0.5559,0.9516,0.4166,0.4742
59,0.3817,0.5647,0.9465,0.4502,0.4742
60,0.3809,0.5548,0.9357,0.427,0.4742
61,0.3974,0.5199,0.9173,0.424,0.4742
62,0.3667,0.5181,0.8848,0.424,0.4742
63,0.3662,0.5014,0.8677,0.4368,0.4742
64,0.3637,0.551,0.9147,0.4289,0.4742
65,0.3485,0.5523,0.9009,0.4445,0.4742
66,0.3605,0.5442,0.9047,0.4092,0.4742
67,0.3632,0.4865,0.8497,0.4225,0.4742
68,0.3556,0.5004,0.856,0.4225,0.4742
69,0.3518,0.5084,0.8602,0.4231,0.4742
70,0.3614,0.5094,0.8708,0.4449,0.4742
71,0.3439,0.5187,0.8625,0.428,0.4742
72,0.3616,0.5395,0.9011,0.4449,0.4742
73,0.3414,0.4946,0.836,0.443,0.4742
74,0.3662,0.5386,0.9048,0.4275,0.4742
75,0.3498,0.5133,0.8631,0.4166,0.4742
76,0.3316,0.5552,0.8868,0.424,0.4742
77,0.3363,0.5335,0.8698,0.4166,0.4742
78,0.343,0.5146,0.8576,0.4576,0.4742
79,0.3214,0.4785,0.7999,0.4126,0.4742
80,0.329,0.471,0.8,0.4445,0.4742
81,0.2979,0.4924,0.7903,0.4445,0.4742
82,0.3202,0.5049,0.8252,0.413,0.4742
83,0.3283,0.4861,0.8144,0.4164,0.4742
84,0.3172,0.5439,0.8611,0.3899,0.4742
85,0.3337,0.4846,0.8183,0.3921,0.4742
86,0.3278,0.485,0.8128,0.424,0.4742
87,0.3135,0.5077,0.8212,0.424,0.4742
88,0.316,0.4877,0.8037,0.4422,0.4742
89,0.3272,0.4897,0.817,0.4272,0.4742
90,0.3092,0.4983,0.8074,0.4445,0.4742
91,0.3127,0.4753,0.788,0.424,0.4742
92,0.3009,0.4726,0.7736,0.424,0.4742
93,0.2964,0.448,0.7444,0.424,0.4742
94,0.326,0.4983,0.8243,0.3959,0.4742
95,0.324,0.4626,0.7867,0.4217,0.4742
96,0.3082,0.4673,0.7755,0.3921,0.4742
97,0.2992,0.4894,0.7885,0.3899,0.4742
98,0.3191,0.4893,0.8084,0.4243,0.4742
99,0.3277,0.4591,0.7869,0.395,0.4742
100,0.2948,0.488,0.7828,0.424,0.4742
101,0.2944,0.4991,0.7935,0.4273,0.4742
102,0.2933,0.4551,0.7484,0.4336,0.4742
103,0.307,0.4601,0.7672,0.4231,0.4742
104,0.2902,0.4627,0.7529,0.4143,0.4742
105,0.3013,0.4738,0.7751,0.4217,0.4742
106,0.2819,0.4532,0.7351,0.4166,0.4742
107,0.3041,0.4529,0.757,0.4167,0.4742
108,0.3004,0.4632,0.7636,0.4323,0.4742
109,0.2812,0.4793,0.7605,0.4303,0.4742
110,0.3014,0.4513,0.7527,0.4218,0.4742
111,0.2959,0.4575,0.7533,0.4092,0.4742
112,0.2761,0.4407,0.7168,0.4242,0.4742
113,0.2868,0.462,0.7488,0.432,0.4742
114,0.2918,0.4544,0.7462,0.427,0.4742
115,0.2968,0.5178,0.8147,0.3979,0.4742
116,0.2811,0.4395,0.7206,0.4242,0.4742
117,0.2652,0.4191,0.6844,0.4219,0.4742
118,0.2532,0.4515,0.7048,0.457,0.4742
119,0.3169,0.4451,0.762,0.4244,0.4742
120,0.3118,0.435,0.7469,0.413,0.4742
121,0.2593,0.4353,0.6946,0.443,0.4742
122,0.2885,0.4679,0.7563,0.4029,0.4742
123,0.2861,0.4787,0.7647,0.3946,0.4742
124,0.2687,0.4427,0.7114,0.4351,0.4742
125,0.2824,0.4086,0.691,0.427,0.4742
126,0.2633,0.4447,0.708,0.4229,0.4742
127,0.2837,0.4355,0.7192,0.4242,0.4742
128,0.2903,0.4177,0.708,0.4202,0.4742
129,0.3122,0.4483,0.7605,0.4124,0.4742
130,0.2577,0.4421,0.6998,0.427,0.4742
131,0.2631,0.4067,0.6699,0.4126,0.4742
132,0.2737,0.4466,0.7203,0.4333,0.4742
133,0.2866,0.4061,0.6927,0.4208,0.4742
134,0.2573,0.4321,0.6895,0.4232,0.4742
135,0.2774,0.3796,0.657,0.3747,0.4742
136,0.2567,0.3981,0.6548,0.4232,0.4742
137,0.272,0.3984,0.6703,0.4005,0.4742
138,0.2537,0.3672,0.621,0.4382,0.4742
139,0.2783,0.4046,0.6829,0.4026,0.4742
140,0.262,0.3835,0.6456,0.4252,0.4742
141,0.2628,0.3757,0.6385,0.4149,0.4742
142,0.2609,0.4033,0.6642,0.4207,0.4742
143,0.251,0.3765,0.6275,0.4603,0.4742
144,0.2505,0.3744,0.6249,0.4177,0.4742
145,0.2482,0.4674,0.7156,0.3783,0.4742
146,0.2587,0.4071,0.6657,0.3921,0.4742
147,0.2443,0.3687,0.613,0.4014,0.4742
148,0.2424,0.3962,0.6385,0.3833,0.4742
149,0.258,0.3921,0.6501,0.4333,0.4742
150,0.2625,0.3938,0.6563,0.4259,0.4742
151,0.2571,0.3665,0.6235,0.3946,0.4742
152,0.2578,0.4276,0.6854,0.4179,0.4742
153,0.2637,0.3583,0.622,0.4689,0.4742
154,0.2613,0.3863,0.6476,0.3773,0.4742
155,0.2503,0.4229,0.6732,0.4272,0.4742
156,0.2449,0.3854,0.6303,0.4366,0.4742
157,0.2509,0.3863,0.6371,0.437,0.4742
158,0.2331,0.3878,0.6209,0.4523,0.4742
159,0.2487,0.3726,0.6213,0.4685,0.4742
160,0.2331,0.4211,0.6543,0.4678,0.4742
161,0.2488,0.3871,0.6359,0.4103,0.4742
162,0.2402,0.4427,0.6829,0.4657,0.4742
163,0.2288,0.4173,0.646,0.4181,0.4742
164,0.24,0.3969,0.6369,0.4527,0.4742
165,0.248,0.3736,0.6216,0.3963,0.4742
166,0.2411,0.393,0.6341,0.451,0.4742
167,0.2361,0.3784,0.6145,0.4362,0.4742
168,0.241,0.3735,0.6146,0.4192,0.4742
169,0.2415,0.3725,0.614,0.4409,0.4742
170,0.2454,0.3881,0.6335,0.4315,0.4742
171,0.2643,0.3659,0.6302,0.4554,0.4742
172,0.2437,0.382,0.6257,0.413,0.4742
173,0.2363,0.4084,0.6446,0.4339,0.4742
174,0.2537,0.3755,0.6292,0.427,0.4742
175,0.2396,0.378,0.6176,0.4179,0.4742
176,0.2323,0.3564,0.5887,0.4074,0.4742
177,0.221,0.365,0.586,0.4135,0.4742
178,0.2421,0.3603,0.6024,0.4207,0.4742
179,0.2305,0.3607,0.5912,0.4339,0.4742
180,0.2289,0.3632,0.5921,0.3737,0.4742
181,0.2517,0.3571,0.6088,0.4612,0.4742
182,0.2319,0.352,0.5839,0.4197,0.4742
183,0.2116,0.3677,0.5793,0.4245,0.4742
184,0.2362,0.3259,0.5621,0.4381,0.4742
185,0.2377,0.3624,0.6001,0.4104,0.4742
186,0.2277,0.3417,0.5694,0.3937,0.4742
187,0.2187,0.3358,0.5545,0.4134,0.4742
188,0.2308,0.3629,0.5937,0.3828,0.4742
189,0.2256,0.3653,0.5908,0.3675,0.4742
190,0.235,0.3348,0.5698,0.3986,0.4742
191,0.2196,0.3535,0.5731,0.4066,0.4742
192,0.2234,0.3611,0.5845,0.3951,0.4742
193,0.2024,0.3412,0.5436,0.4134,0.4742
194,0.2359,0.34,0.5759,0.3766,0.4742
195,0.2065,0.3572,0.5637,0.3541,0.4742
196,0.2394,0.3541,0.5935,0.4139,0.4742
197,0.2139,0.3241,0.538,0.3661,0.4742
198,0.2141,0.303,0.5172,0.3874,0.4742
199,0.2219,0.3182,0.5401,0.3859,0.4742
200,0.205,0.3417,0.5467,0.4048,0.4742
201,0.2148,0.3182,0.533,0.4158,0.4742
202,0.2382,0.3395,0.5777,0.4079,0.4742
203,0.2069,0.3477,0.5546,0.4107,0.4742
204,0.2035,0.3401,0.5436,0.4,0.4742
205,0.1982,0.3086,0.5068,0.4022,0.4742
206,0.2152,0.3166,0.5318,0.4019,0.4742
207,0.205,0.3378,0.5428,0.3819,0.4742
208,0.2005,0.3049,0.5055,0.395,0.4742
209,0.2151,0.2929,0.508,0.4317,0.4742
210,0.2222,0.3304,0.5525,0.3963,0.4742
211,0.225,0.2933,0.5183,0.4198,0.4742
212,0.2178,0.3097,0.5276,0.439,0.4742
213,0.2003,0.3192,0.5195,0.4002,0.4742
214,0.2255,0.3183,0.5438,0.4043,0.4742
215,0.2159,0.2964,0.5123,0.3821,0.4742
216,0.2128,0.3152,0.5281,0.3832,0.4742
217,0.1854,0.3078,0.4932,0.3648,0.4742
218,0.1975,0.3152,0.5127,0.4018,0.4742
219,0.2131,0.3104,0.5235,0.3982,0.4742
220,0.2089,0.3184,0.5273,0.3826,0.4742
221,0.2006,0.276,0.4766,0.4152,0.4742
222,0.1948,0.3067,0.5015,0.3798,0.4742
223,0.2073,0.3233,0.5306,0.4407,0.4742
224,0.2187,0.3204,0.5391,0.428,0.4742
225,0.2163,0.3012,0.5175,0.3984,0.4742
226,0.1881,0.3229,0.511,0.4052,0.4742
227,0.1915,0.3005,0.492,0.4184,0.4742
228,0.1972,0.2997,0.4968,0.3817,0.4742
229,0.1975,0.2931,0.4905,0.3853,0.4742
230,0.1921,0.2962,0.4884,0.3802,0.4742
231,0.2136,0.2963,0.5099,0.4563,0.4742
232,0.2032,0.3147,0.5179,0.4007,0.4742
233,0.2045,0.3011,0.5056,0.3529,0.4742
234,0.2213,0.2883,0.5095,0.4002,0.4742
235,0.1934,0.3041,0.4974,0.4397,0.4742
236,0.199,0.3042,0.5031,0.3721,0.4742
237,0.1889,0.2894,0.4783,0.3951,0.4742
238,0.2002,0.3102,0.5105,0.3988,0.4742
239,0.203,0.2811,0.4841,0.4076,0.4742
240,0.2022,0.3134,0.5156,0.4092,0.4742
241,0.2227,0.2833,0.506,0.3902,0.4742
242,0.195,0.2752,0.4703,0.4152,0.4742
243,0.1911,0.2928,0.4839,0.3832,0.4742
244,0.1935,0.2845,0.4779,0.3885,0.4742
245,0.2048,0.271,0.4758,0.3845,0.4742
246,0.1836,0.3331,0.5168,0.383,0.4742
247,0.1908,0.2789,0.4697,0.43,0.4742
248,0.188,0.2951,0.4831,0.4274,0.4742
249,0.187,0.2695,0.4564,0.4026,0.4742
250,0.1901,0.2683,0.4584,0.3841,0.4742
251,0.1963,0.2768,0.4731,0.4056,0.4742
252,0.2004,0.289,0.4894,0.3804,0.4742
253,0.1945,0.2569,0.4514,0.4036,0.4742
254,0.1858,0.3003,0.4861,0.38,0.4742
255,0.1791,0.2404,0.4195,0.3812,0.4742
256,0.2004,0.2656,0.4659,0.3907,0.4742
257,0.2101,0.2541,0.4643,0.3715,0.4742
258,0.1853,0.2757,0.461,0.4311,0.4742
259,0.1882,0.2808,0.469,0.4073,0.4742
260,0.165,0.2831,0.4482,0.4309,0.4742
261,0.191,0.2437,0.4346,0.4059,0.4742
262,0.2149,0.2441,0.459,0.428,0.4742
263,0.183,0.2441,0.4271,0.4037,0.4742
264,0.1764,0.2579,0.4344,0.3698,0.4742
265,0.1865,0.2555,0.4419,0.4371,0.4742
266,0.1986,0.2427,0.4413,0.4154,0.4742
267,0.197,0.2423,0.4393,0.3907,0.4742
268,0.1931,0.2571,0.4502,0.4034,0.4742
269,0.1734,0.2632,0.4365,0.4057,0.4742
270,0.1775,0.2257,0.4032,0.383,0.4742
271,0.184,0.2569,0.4408,0.4125,0.4742
272,0.1851,0.2388,0.4239,0.4083,0.4742
273,0.1787,0.2469,0.4256,0.4106,0.4742
274,0.1888,0.248,0.4368,0.3907,0.4742
275,0.19,0.248,0.438,0.3794,0.4742
276,0.1852,0.2538,0.439,0.4042,0.4742
277,0.1753,0.2448,0.4201,0.4122,0.4742
278,0.1824,0.2418,0.4242,0.4054,0.4742
279,0.1873,0.2448,0.4321,0.3752,0.4742
280,0.1718,0.2333,0.4051,0.3902,0.4742
281,0.1966,0.2547,0.4513,0.4118,0.4742
282,0.16,0.2327,0.3927,0.4121,0.4742
283,0.1856,0.2467,0.4323,0.4098,0.4742
284,0.1622,0.24,0.4022,0.4095,0.4742
285,0.1665,0.2404,0.4069,0.3618,0.4742
286,0.1566,0.2369,0.3936,0.4277,0.4742
287,0.1803,0.2385,0.4188,0.3803,0.4742
288,0.1643,0.2335,0.3977,0.4001,0.4742
289,0.1787,0.2234,0.402,0.391,0.4742
290,0.1588,0.2327,0.3914,0.4014,0.4742
291,0.1798,0.2386,0.4184,0.3855,0.4742
292,0.1688,0.2399,0.4087,0.3635,0.4742
293,0.1874,0.2268,0.4142,0.3807,0.4742
294,0.181,0.2292,0.4102,0.4121,0.4742
295,0.1752,0.2507,0.4259,0.3907,0.4742
296,0.1701,0.2411,0.4112,0.4001,0.4742
297,0.1729,0.2122,0.3852,0.4054,0.4742
298,0.1757,0.2353,0.411,0.416,0.4742
299,0.1854,0.2501,0.4354,0.397,0.4742
0,1.0699,1.1338,2.2036,0.4487,0.4487
1,0.9553,0.9746,1.9299,0.4491,0.4491
2,0.91,0.9128,1.8228,0.4494,0.4494
3,0.8592,0.8538,1.713,0.4519,0.4519
4,0.8095,0.8441,1.6536,0.4483,0.4519
5,0.7841,0.7576,1.5417,0.4687,0.4687
6,0.7774,0.8041,1.5815,0.4821,0.4821
7,0.7657,0.7581,1.5238,0.4661,0.4821
8,0.7041,0.7633,1.4674,0.4416,0.4821
9,0.7272,0.7899,1.5171,0.437,0.4821
10,0.6721,0.7768,1.4489,0.437,0.4821
11,0.6661,0.7418,1.4079,0.4793,0.4821
12,0.6528,0.7504,1.4032,0.437,0.4821
13,0.6492,0.771,1.4202,0.4548,0.4821
14,0.6065,0.7099,1.3164,0.497,0.497
15,0.5915,0.7289,1.3204,0.4558,0.497
16,0.6178,0.7333,1.3511,0.4358,0.497
17,0.5966,0.7845,1.3811,0.5063,0.5063
18,0.5936,0.7149,1.3085,0.4518,0.5063
19,0.5862,0.7036,1.2898,0.4834,0.5063
20,0.5595,0.7431,1.3026,0.4834,0.5063
21,0.5853,0.6546,1.2399,0.4558,0.5063
22,0.5482,0.729,1.2772,0.4834,0.5063
23,0.5529,0.7748,1.3277,0.4794,0.5063
24,0.5179,0.6916,1.2095,0.4834,0.5063
25,0.5416,0.7087,1.2503,0.4819,0.5063
26,0.5209,0.6481,1.1689,0.4518,0.5063
27,0.527,0.6963,1.2233,0.5054,0.5063
28,0.5286,0.6707,1.1993,0.4753,0.5063
29,0.5268,0.6803,1.2071,0.4735,0.5063
30,0.5143,0.6914,1.2057,0.4735,0.5063
31,0.4818,0.6746,1.1564,0.471,0.5063
32,0.5091,0.6586,1.1677,0.4696,0.5063
33,0.4829,0.6493,1.1323,0.471,0.5063
34,0.4797,0.637,1.1167,0.4596,0.5063
35,0.4695,0.6903,1.1598,0.4721,0.5063
36,0.4826,0.6519,1.1345,0.4596,0.5063
37,0.4683,0.6892,1.1575,0.5011,0.5063
38,0.463,0.6698,1.1328,0.5011,0.5063
39,0.4818,0.6758,1.1576,0.4735,0.5063
40,0.4533,0.6152,1.0685,0.4721,0.5063
41,0.4757,0.653,1.1288,0.5054,0.5063
42,0.4509,0.6506,1.1015,0.4981,0.5063
43,0.4566,0.667,1.1236,0.4696,0.5063
44,0.4377,0.6384,1.0761,0.4741,0.5063
45,0.438,0.6502,1.0882,0.4596,0.5063
46,0.4647,0.6499,1.1146,0.4375,0.5063
47,0.4371,0.617,1.0541,0.4872,0.5063
48,0.4392,0.6214,1.0606,0.5185,0.5185
49,0.421,0.6861,1.1071,0.4981,0.5185
50,0.4234,0.6463,1.0697,0.4872,0.5185
51,0.4232,0.6425,1.0657,0.4872,0.5185
52,0.4139,0.5786,0.9925,0.4997,0.5185
53,0.4227,0.6426,1.0652,0.4394,0.5185
54,0.4035,0.6397,1.0432,0.5006,0.5185
55,0.4128,0.6206,1.0334,0.4284,0.5185
56,0.4106,0.6156,1.0261,0.473,0.5185
57,0.4113,0.6271,1.0384,0.473,0.5185
58,0.3936,0.6227,1.0163,0.4625,0.5185
59,0.3911,0.6099,1.001,0.4596,0.5185
60,0.381,0.6246,1.0056,0.3816,0.5185
61,0.3908,0.6453,1.0361,0.4696,0.5185
62,0.3916,0.6182,1.0098,0.4534,0.5185
63,0.3989,0.6178,1.0168,0.456,0.5185
64,0.3721,0.6193,0.9915,0.467,0.5185
65,0.3736,0.5965,0.9702,0.4725,0.5185
66,0.3811,0.6135,0.9946,0.4358,0.5185
67,0.3939,0.5885,0.9824,0.4076,0.5185
68,0.3754,0.6001,0.9755,0.466,0.5185
69,0.3771,0.5858,0.9629,0.3916,0.5185
70,0.3666,0.5845,0.9511,0.456,0.5185
71,0.3892,0.5969,0.986,0.4725,0.5185
72,0.3924,0.5989,0.9913,0.465,0.5185
73,0.3728,0.605,0.9778,0.4677,0.5185
74,0.3557,0.5617,0.9173,0.4814,0.5185
75,0.3799,0.5825,0.9624,0.4725,0.5185
76,0.3594,0.5485,0.908,0.4634,0.5185
77,0.3477,0.5805,0.9282,0.4634,0.5185
78,0.3623,0.6325,0.9947,0.4634,0.5185
79,0.3529,0.5557,0.9086,0.4784,0.5185
80,0.3329,0.6172,0.9501,0.4725,0.5185
81,0.3452,0.5612,0.9065,0.4814,0.5185
82,0.3429,0.5718,0.9147,0.456,0.5185
83,0.3544,0.5591,0.9135,0.4634,0.5185
84,0.3459,0.5831,0.9289,0.4703,0.5185
85,0.3438,0.5388,0.8826,0.4859,0.5185
86,0.3649,0.6023,0.9672,0.483,0.5185
87,0.3501,0.5806,0.9307,0.483,0.5185
88,0.3418,0.5813,0.9231,0.4662,0.5185
89,0.3458,0.5975,0.9433,0.4634,0.5185
90,0.3444,0.5786,0.9231,0.441,0.5185
91,0.3426,0.589,0.9315,0.4534,0.5185
92,0.342,0.5266,0.8686,0.4662,0.5185
93,0.3381,0.5914,0.9295,0.4881,0.5185
94,0.3328,0.569,0.9017,0.474,0.5185
95,0.3192,0.5361,0.8553,0.4166,0.5185
96,0.3085,0.5478,0.8563,0.4881,0.5185
97,0.3352,0.5279,0.8632,0.4944,0.5185
98,0.3227,0.5301,0.8528,0.4464,0.5185
99,0.3259,0.5344,0.8603,0.456,0.5185
100,0.321,0.5116,0.8326,0.3853,0.5185
101,0.3261,0.5282,0.8543,0.3906,0.5185
102,0.3126,0.5635,0.8761,0.4906,0.5185
103,0.3363,0.5768,0.9131,0.4662,0.5185
104,0.3228,0.5185,0.8412,0.4534,0.5185
105,0.3151,0.5572,0.8722,0.4715,0.5185
106,0.3111,0.5311,0.8422,0.4688,0.5185
107,0.3381,0.5248,0.8629,0.474,0.5185
108,0.3049,0.5587,0.8636,0.4881,0.5185
109,0.3089,0.5154,0.8242,0.441,0.5185
110,0.3105,0.526,0.8366,0.4409,0.5185
111,0.296,0.5319,0.8279,0.4831,0.5185
112,0.3193,0.5106,0.8299,0.4434,0.5185
113,0.3186,0.5279,0.8464,0.4684,0.5185
114,0.3179,0.522,0.8399,0.4883,0.5185
115,0.3117,0.5362,0.8479,0.471,0.5185
116,0.3024,0.5067,0.8091,0.4834,0.5185
117,0.3032,0.5115,0.8147,0.4685,0.5185
118,0.3067,0.4959,0.8026,0.4715,0.5185
119,0.2987,0.5152,0.8139,0.4715,0.5185
120,0.2873,0.5335,0.8208,0.5451,0.5451
121,0.2896,0.5088,0.7984,0.5451,0.5451
122,0.3037,0.4869,0.7905,0.4592,0.5451
123,0.3038,0.4913,0.7952,0.4859,0.5451
124,0.3103,0.5232,0.8335,0.4715,0.5451
125,0.3009,0.5079,0.8087,0.4715,0.5451
126,0.3029,0.4988,0.8017,0.444,0.5451
127,0.2898,0.4877,0.7775,0.4025,0.5451
128,0.2912,0.4624,0.7536,0.4686,0.5451
129,0.2967,0.5268,0.8235,0.474,0.5451
130,0.2927,0.4515,0.7442,0.4891,0.5451
131,0.3018,0.5096,0.8114,0.5121,0.5451
132,0.2846,0.4673,0.7519,0.4717,0.5451
133,0.272,0.4588,0.7309,0.4891,0.5451
134,0.2872,0.4591,0.7463,0.4891,0.5451
135,0.2859,0.4609,0.7467,0.4859,0.5451
136,0.2891,0.4706,0.7597,0.5033,0.5451
137,0.2987,0.4655,0.7643,0.405,0.5451
138,0.269,0.47,0.739,0.4859,0.5451
139,0.2781,0.4965,0.7746,0.4585,0.5451
140,0.288,0.4735,0.7615,0.4879,0.5451
141,0.2844,0.4773,0.7616,0.4713,0.5451
142,0.2901,0.4283,0.7184,0.504,0.5451
143,0.2822,0.4709,0.7531,0.407,0.5451
144,0.2849,0.4698,0.7547,0.4731,0.5451
145,0.2701,0.4822,0.7523,0.4025,0.5451
146,0.2875,0.4693,0.7568,0.4715,0.5451
147,0.2681,0.4686,0.7367,0.4696,0.5451
148,0.2818,0.497,0.7788,0.4025,0.5451
149,0.2828,0.4575,0.7402,0.405,0.5451
150,0.2744,0.4787,0.7531,0.405,0.5451
151,0.2706,0.4521,0.7227,0.474,0.5451
152,0.2701,0.4474,0.7175,0.4866,0.5451
153,0.2557,0.4326,0.6883,0.4834,0.5451
154,0.2803,0.4624,0.7427,0.5094,0.5451
155,0.2504,0.4303,0.6807,0.4879,0.5451
156,0.2645,0.4237,0.6882,0.4834,0.5451
157,0.2759,0.42,0.6959,0.4696,0.5451
158,0.2684,0.4463,0.7147,0.476,0.5451
159,0.2587,0.4379,0.6966,0.407,0.5451
160,0.27,0.4494,0.7194,0.407,0.5451
161,0.2596,0.4172,0.6768,0.4879,0.5451
162,0.2583,0.4499,0.7082,0.4741,0.5451
163,0.2575,0.4281,0.6856,0.407,0.5451
164,0.2563,0.4251,0.6814,0.4859,0.5451
165,0.2585,0.4445,0.703,0.407,0.5451
166,0.2707,0.4322,0.7029,0.4741,0.5451
167,0.2576,0.4131,0.6707,0.4879,0.5451
168,0.2539,0.3933,0.6471,0.4433,0.5451
169,0.275,0.4128,0.6878,0.405,0.5451
170,0.2562,0.406,0.6622,0.4859,0.5451
171,0.2492,0.4331,0.6823,0.5002,0.5451
172,0.2352,0.4124,0.6475,0.4627,0.5451
173,0.2625,0.4114,0.6739,0.4483,0.5451
174,0.2717,0.4258,0.6975,0.4571,0.5451
175,0.2429,0.4036,0.6465,0.4643,0.5451
176,0.2604,0.4013,0.6616,0.471,0.5451
177,0.2531,0.4232,0.6763,0.4721,0.5451
178,0.2405,0.4082,0.6487,0.472,0.5451
179,0.2677,0.4137,0.6814,0.4882,0.5451
180,0.2663,0.409,0.6753,0.3762,0.5451
181,0.2612,0.4053,0.6665,0.5121,0.5451
182,0.24,0.4172,0.6572,0.4859,0.5451
183,0.2411,0.4116,0.6528,0.4606,0.5451
184,0.246,0.4017,0.6477,0.4859,0.5451
185,0.2688,0.3993,0.6681,0.486,0.5451
186,0.2505,0.3957,0.6461,0.4685,0.5451
187,0.2529,0.3837,0.6365,0.4547,0.5451
188,0.2559,0.4121,0.668,0.4859,0.5451
189,0.2376,0.3978,0.6354,0.4547,0.5451
190,0.2495,0.3906,0.6401,0.4721,0.5451
191,0.2517,0.3765,0.6282,0.4864,0.5451
192,0.2449,0.378,0.623,0.4193,0.5451
193,0.2315,0.3874,0.619,0.5002,0.5451
194,0.2358,0.3793,0.6151,0.5033,0.5451
195,0.2656,0.3834,0.649,0.4859,0.5451
196,0.2465,0.3964,0.6429,0.5001,0.5451
197,0.2486,0.3724,0.6211,0.462,0.5451
198,0.2389,0.4064,0.6452,0.4424,0.5451
199,0.2389,0.3734,0.6123,0.4721,0.5451
200,0.2477,0.384,0.6316,0.4849,0.5451
201,0.2382,0.3774,0.6155,0.4611,0.5451
202,0.2209,0.3631,0.584,0.4704,0.5451
203,0.2325,0.3776,0.6102,0.4571,0.5451
204,0.232,0.3729,0.6049,0.4631,0.5451
205,0.2392,0.3509,0.5901,0.4654,0.5451
206,0.2337,0.373,0.6066,0.4389,0.5451
207,0.2274,0.3611,0.5885,0.4503,0.5451
208,0.2452,0.3529,0.5981,0.4685,0.5451
209,0.2338,0.3969,0.6308,0.4685,0.5451
210,0.2279,0.3516,0.5796,0.4721,0.5451
211,0.2246,0.3442,0.5687,0.4433,0.5451
212,0.2405,0.3594,0.5999,0.476,0.5451
213,0.2191,0.3723,0.5914,0.4537,0.5451
214,0.2371,0.3568,0.5939,0.414,0.5451
215,0.2331,0.3582,0.5913,0.4489,0.5451
216,0.2258,0.3404,0.5662,0.4689,0.5451
217,0.2194,0.354,0.5734,0.4271,0.5451
218,0.2256,0.3572,0.5828,0.4788,0.5451
219,0.2276,0.3669,0.5945,0.4618,0.5451
220,0.2292,0.3387,0.5679,0.4106,0.5451
221,0.2272,0.3346,0.5618,0.4685,0.5451
222,0.2201,0.3651,0.5852,0.4395,0.5451
223,0.2322,0.3249,0.5571,0.4607,0.5451
224,0.2173,0.3474,0.5647,0.3762,0.5451
225,0.2343,0.3493,0.5836,0.4914,0.5451
226,0.2243,0.3542,0.5786,0.4827,0.5451
227,0.234,0.3523,0.5864,0.5245,0.5451
228,0.2224,0.3178,0.5402,0.5428,0.5451
229,0.2387,0.3517,0.5904,0.4625,0.5451
230,0.2198,0.3229,0.5427,0.4395,0.5451
231,0.2172,0.3152,0.5324,0.4639,0.5451
232,0.2195,0.3272,0.5467,0.4611,0.5451
233,0.2166,0.3286,0.5452,0.4713,0.5451
234,0.216,0.351,0.5669,0.4717,0.5451
235,0.2187,0.3341,0.5528,0.4717,0.5451
236,0.2201,0.3175,0.5376,0.4717,0.5451
237,0.2189,0.3212,0.5401,0.4442,0.5451
238,0.2255,0.3186,0.5441,0.4859,0.5451
239,0.2143,0.3293,0.5436,0.4271,0.5451
240,0.2206,0.334,0.5547,0.4717,0.5451
241,0.2323,0.3249,0.5573,0.3876,0.5451
242,0.2045,0.329,0.5335,0.4277,0.5451
243,0.2134,0.3335,0.5469,0.4547,0.5451
244,0.2084,0.3113,0.5197,0.4271,0.5451
245,0.2083,0.3225,0.5308,0.3774,0.5451
246,0.2254,0.3207,0.5461,0.4782,0.5451
247,0.2073,0.318,0.5252,0.3586,0.5451
248,0.2022,0.324,0.5261,0.4554,0.5451
249,0.2127,0.3073,0.52,0.452,0.5451
250,0.1925,0.3171,0.5096,0.4685,0.5451
251,0.2042,0.3132,0.5174,0.4399,0.5451
252,0.2062,0.3362,0.5425,0.4433,0.5451
253,0.2148,0.3107,0.5255,0.4405,0.5451
254,0.2067,0.2902,0.4969,0.452,0.5451
255,0.1987,0.3201,0.5188,0.4762,0.5451
256,0.2028,0.3086,0.5114,0.3003,0.5451
257,0.1992,0.3068,0.5059,0.5092,0.5451
258,0.2036,0.3173,0.5209,0.4694,0.5451
259,0.2181,0.307,0.5251,0.4947,0.5451
260,0.2035,0.3069,0.5104,0.4361,0.5451
261,0.2105,0.288,0.4985,0.4916,0.5451
262,0.2031,0.3044,0.5076,0.4851,0.5451
263,0.1913,0.2848,0.476,0.4714,0.5451
264,0.1988,0.3128,0.5116,0.5146,0.5451
265,0.2091,0.3059,0.5149,0.3436,0.5451
266,0.2105,0.2883,0.4988,0.4424,0.5451
267,0.196,0.2957,0.4917,0.4639,0.5451
268,0.2082,0.2806,0.4888,0.4536,0.5451
269,0.1984,0.2599,0.4583,0.404,0.5451
270,0.2,0.2859,0.4859,0.3721,0.5451
271,0.1908,0.3008,0.4916,0.4424,0.5451
272,0.1936,0.293,0.4865,0.4566,0.5451
273,0.1982,0.2881,0.4863,0.4965,0.5451
274,0.2131,0.284,0.4971,0.4717,0.5451
275,0.1947,0.2946,0.4893,0.3586,0.5451
276,0.1929,0.2687,0.4617,0.4625,0.5451
277,0.1883,0.2711,0.4593,0.4704,0.5451
278,0.2043,0.2794,0.4837,0.3455,0.5451
279,0.2028,0.2714,0.4742,0.374,0.5451
280,0.2058,0.271,0.4768,0.4839,0.5451
281,0.205,0.2832,0.4882,0.4718,0.5451
282,0.193,0.2683,0.4613,0.4047,0.5451
283,0.207,0.2628,0.4697,0.4316,0.5451
284,0.2132,0.2693,0.4825,0.4556,0.5451
285,0.1942,0.2389,0.4332,0.4618,0.5451
286,0.1837,0.2846,0.4683,0.3721,0.5451
287,0.1882,0.2906,0.4788,0.4493,0.5451
288,0.1776,0.2579,0.4355,0.4246,0.5451
289,0.1846,0.2571,0.4417,0.3592,0.5451
290,0.2018,0.2807,0.4826,0.4678,0.5451
291,0.1859,0.2761,0.462,0.3615,0.5451
292,0.2013,0.2549,0.4562,0.4476,0.5451
293,0.1744,0.2678,0.4422,0.4536,0.5451
294,0.1959,0.2678,0.4637,0.4401,0.5451
295,0.171,0.2585,0.4295,0.4536,0.5451
296,0.1941,0.2747,0.4688,0.4618,0.5451
297,0.1924,0.2562,0.4485,0.4424,0.5451
298,0.1856,0.2758,0.4615,0.4619,0.5451
299,0.1815,0.2588,0.4403,0.4399,0.5451
0,0.9681,1.1312,2.0993,0.497,0.497
1,0.9307,1.027,1.9577,0.4842,0.497
2,0.8246,0.8955,1.7201,0.4969,0.497
3,0.8144,0.8893,1.7036,0.4639,0.497
4,0.8068,0.9306,1.7374,0.4801,0.497
5,0.7352,0.8548,1.59,0.4767,0.497
6,0.7569,0.839,1.5959,0.5003,0.5003
7,0.7508,0.81,1.5607,0.4851,0.5003
8,0.7,0.831,1.531,0.4801,0.5003
9,0.7057,0.8147,1.5204,0.4851,0.5003
10,0.6916,0.7453,1.4369,0.4555,0.5003
11,0.6801,0.7838,1.464,0.5045,0.5045
12,0.6682,0.792,1.4602,0.4499,0.5045
13,0.6588,0.8274,1.4861,0.4611,0.5045
14,0.6617,0.7278,1.3895,0.4586,0.5045
15,0.6098,0.7871,1.3969,0.4605,0.5045
16,0.6278,0.7842,1.412,0.4605,0.5045
17,0.6198,0.7502,1.37,0.4605,0.5045
18,0.585,0.7731,1.3582,0.4395,0.5045
19,0.5653,0.7097,1.2749,0.4605,0.5045
20,0.5726,0.7589,1.3315,0.4605,0.5045
21,0.5899,0.7529,1.3428,0.4396,0.5045
22,0.5838,0.7963,1.3802,0.4946,0.5045
23,0.5815,0.7586,1.3401,0.459,0.5045
24,0.5808,0.6885,1.2693,0.4946,0.5045
25,0.5424,0.7049,1.2473,0.4586,0.5045
26,0.5417,0.7644,1.3062,0.4641,0.5045
27,0.5555,0.7023,1.2577,0.459,0.5045
28,0.5224,0.6896,1.212,0.459,0.5045
29,0.5086,0.6886,1.1972,0.459,0.5045
30,0.5276,0.7503,1.2779,0.4946,0.5045
31,0.5152,0.7704,1.2856,0.4946,0.5045
32,0.4966,0.6968,1.1934,0.4605,0.5045
33,0.5182,0.7204,1.2386,0.4605,0.5045
34,0.5008,0.7011,1.2018,0.4555,0.5045
35,0.4878,0.7713,1.2591,0.4636,0.5045
36,0.505,0.7086,1.2135,0.4641,0.5045
37,0.4918,0.77,1.2618,0.459,0.5045
38,0.4777,0.6866,1.1643,0.4636,0.5045
39,0.4693,0.6898,1.1591,0.4555,0.5045
40,0.472,0.7105,1.1825,0.4738,0.5045
41,0.4781,0.7043,1.1824,0.4946,0.5045
42,0.4776,0.7507,1.2282,0.4946,0.5045
43,0.4736,0.712,1.1855,0.4513,0.5045
44,0.4478,0.7018,1.1496,0.459,0.5045
45,0.4619,0.7273,1.1893,0.4206,0.5045
46,0.4645,0.7107,1.1752,0.4946,0.5045
47,0.4614,0.7089,1.1703,0.4555,0.5045
48,0.4347,0.6775,1.1122,0.4843,0.5045
49,0.4397,0.6618,1.1014,0.4726,0.5045
50,0.4469,0.719,1.1659,0.4072,0.5045
51,0.4492,0.6676,1.1168,0.4946,0.5045
52,0.4551,0.6819,1.137,0.4177,0.5045
53,0.4364,0.7384,1.1748,0.4499,0.5045
54,0.44,0.6579,1.0979,0.4072,0.5045
55,0.4058,0.6608,1.0666,0.4174,0.5045
56,0.4317,0.6744,1.1061,0.4072,0.5045
57,0.4127,0.6809,1.0937,0.4621,0.5045
58,0.4327,0.6934,1.1262,0.4639,0.5045
59,0.4077,0.6746,1.0822,0.4335,0.5045
60,0.408,0.6465,1.0545,0.4174,0.5045
61,0.4258,0.6431,1.0689,0.4174,0.5045
62,0.413,0.6636,1.0766,0.4685,0.5045
63,0.4111,0.6535,1.0646,0.4072,0.5045
64,0.4003,0.6766,1.0769,0.4686,0.5045
65,0.4178,0.6541,1.0718,0.4835,0.5045
66,0.3886,0.6591,1.0478,0.4444,0.5045
67,0.4311,0.679,1.1101,0.4318,0.5045
68,0.3884,0.6408,1.0291,0.4765,0.5045
69,0.4236,0.6753,1.0989,0.4765,0.5045
70,0.3835,0.6298,1.0134,0.4997,0.5045
71,0.4238,0.6379,1.0617,0.4982,0.5045
72,0.3868,0.6409,1.0278,0.4765,0.5045
73,0.407,0.6637,1.0707,0.4765,0.5045
74,0.3746,0.6025,0.9771,0.4631,0.5045
75,0.3767,0.6342,1.0109,0.4757,0.5045
76,0.3787,0.6768,1.0555,0.4757,0.5045
77,0.3716,0.6607,1.0323,0.4757,0.5045
78,0.3597,0.6935,1.0531,0.4602,0.5045
79,0.3742,0.618,0.9922,0.4757,0.5045
80,0.4052,0.6347,1.0398,0.4739,0.5045
81,0.3973,0.6112,1.0085,0.4762,0.5045
82,0.3492,0.6103,0.9594,0.4739,0.5045
83,0.3637,0.6443,1.008,0.5166,0.5166
84,0.3555,0.592,0.9475,0.4762,0.5166
85,0.3975,0.6057,1.0032,0.4659,0.5166
86,0.3508,0.6305,0.9813,0.4324,0.5166
87,0.3707,0.6575,1.0282,0.4452,0.5166
88,0.3715,0.6086,0.9802,0.4452,0.5166
89,0.3653,0.6251,0.9904,0.4853,0.5166
90,0.3502,0.619,0.9692,0.4639,0.5166
91,0.3646,0.5887,0.9534,0.4335,0.5166
92,0.3484,0.6449,0.9933,0.4335,0.5166
93,0.3268,0.5763,0.9031,0.4335,0.5166
94,0.3593,0.5578,0.9171,0.5157,0.5166
95,0.3499,0.6151,0.9649,0.5167,0.5167
96,0.3539,0.6422,0.9961,0.5059,0.5167
97,0.3415,0.5985,0.94,0.4757,0.5167
98,0.3347,0.6577,0.9924,0.5184,0.5184
99,0.3459,0.6075,0.9534,0.4457,0.5184
100,0.3359,0.6378,0.9737,0.4281,0.5184
101,0.3527,0.6539,1.0066,0.4457,0.5184
102,0.3407,0.5877,0.9284,0.5166,0.5184
103,0.3232,0.6004,0.9237,0.4439,0.5184
104,0.3294,0.6155,0.9449,0.4744,0.5184
105,0.3502,0.5867,0.937,0.4452,0.5184
106,0.3233,0.656,0.9793,0.4762,0.5184
107,0.3215,0.6165,0.9379,0.4198,0.5184
108,0.3546,0.5929,0.9475,0.4753,0.5184
109,0.3127,0.6302,0.943,0.4419,0.5184
110,0.3343,0.568,0.9023,0.4452,0.5184
111,0.3428,0.6164,0.9592,0.4547,0.5184
112,0.3532,0.5967,0.9499,0.4757,0.5184
113,0.3302,0.5585,0.8887,0.4326,0.5184
114,0.3277,0.5737,0.9014,0.5159,0.5184
115,0.3139,0.5838,0.8977,0.4566,0.5184
116,0.3235,0.5949,0.9184,0.4762,0.5184
117,0.3338,0.5826,0.9164,0.4689,0.5184
118,0.3202,0.6005,0.9208,0.5058,0.5184
119,0.3418,0.5646,0.9063,0.5058,0.5184
120,0.3239,0.5922,0.916,0.4636,0.5184
121,0.3187,0.5797,0.8984,0.5184,0.5184
122,0.3126,0.5374,0.85,0.5184,0.5184
123,0.3012,0.5615,0.8627,0.5058,0.5184
124,0.3039,0.5543,0.8582,0.4762,0.5184
125,0.295,0.565,0.8599,0.5286,0.5286
126,0.3242,0.559,0.8832,0.4663,0.5286
127,0.3272,0.5721,0.8993,0.4409,0.5286
128,0.3272,0.5766,0.9038,0.5164,0.5286
129,0.2927,0.5672,0.8599,0.5022,0.5286
130,0.3146,0.5483,0.8629,0.546,0.546
131,0.3228,0.5637,0.8865,0.4189,0.546
132,0.3042,0.5793,0.8835,0.5591,0.5591
133,0.3003,0.5716,0.8719,0.5125,0.5591
134,0.3006,0.536,0.8366,0.5026,0.5591
135,0.3026,0.566,0.8686,0.5024,0.5591
136,0.2837,0.5309,0.8146,0.4245,0.5591
137,0.2975,0.5659,0.8634,0.515,0.5591
138,0.3046,0.5194,0.824,0.5164,0.5591
139,0.3174,0.5771,0.8944,0.4499,0.5591
140,0.3039,0.5423,0.8462,0.4896,0.5591
141,0.3129,0.5655,0.8784,0.4395,0.5591
142,0.2982,0.5683,0.8665,0.5038,0.5591
143,0.3035,0.5155,0.8189,0.4636,0.5591
144,0.2982,0.5538,0.852,0.5586,0.5591
145,0.2958,0.5198,0.8156,0.4644,0.5591
146,0.2819,0.5167,0.7987,0.5022,0.5591
147,0.2857,0.5678,0.8536,0.5066,0.5591
148,0.2945,0.5378,0.8323,0.4351,0.5591
149,0.3085,0.5403,0.8488,0.4997,0.5591
150,0.2801,0.5128,0.7929,0.5077,0.5591
151,0.2949,0.5101,0.805,0.5038,0.5591
152,0.2939,0.4948,0.7886,0.4488,0.5591
153,0.2969,0.5066,0.8035,0.5493,0.5591
154,0.2887,0.4772,0.7659,0.4636,0.5591
155,0.2805,0.5181,0.7986,0.4876,0.5591
156,0.2884,0.5544,0.8428,0.5419,0.5591
157,0.2851,0.5025,0.7876,0.5153,0.5591
158,0.2922,0.4812,0.7734,0.4997,0.5591
159,0.3012,0.5639,0.8651,0.5069,0.5591
160,0.2932,0.5154,0.8086,0.4679,0.5591
161,0.2885,0.5066,0.7952,0.4248,0.5591
162,0.2867,0.5272,0.8139,0.5488,0.5591
163,0.2907,0.552,0.8427,0.4903,0.5591
164,0.2927,0.5337,0.8264,0.509,0.5591
165,0.284,0.5242,0.8082,0.4694,0.5591
166,0.2912,0.4781,0.7693,0.5444,0.5591
167,0.2834,0.4914,0.7749,0.4802,0.5591
168,0.3028,0.526,0.8288,0.5153,0.5591
169,0.2629,0.4926,0.7556,0.4484,0.5591
170,0.2718,0.5017,0.7735,0.4875,0.5591
171,0.2676,0.4766,0.7442,0.4639,0.5591
172,0.2757,0.4424,0.718,0.5129,0.5591
173,0.2736,0.5165,0.7901,0.4904,0.5591
174,0.2774,0.5034,0.7808,0.5022,0.5591
175,0.2736,0.4821,0.7556,0.4479,0.5591
176,0.2631,0.4894,0.7525,0.4349,0.5591
177,0.2704,0.4891,0.7595,0.4704,0.5591
178,0.254,0.4963,0.7503,0.5069,0.5591
179,0.2797,0.4567,0.7365,0.49,0.5591
180,0.2765,0.5028,0.7793,0.4943,0.5591
181,0.2645,0.4818,0.7464,0.4943,0.5591
182,0.2685,0.449,0.7175,0.5444,0.5591
183,0.2612,0.4878,0.7489,0.4924,0.5591
184,0.2826,0.4761,0.7587,0.4855,0.5591
185,0.2531,0.5004,0.7536,0.486,0.5591
186,0.259,0.4465,0.7055,0.5002,0.5591
187,0.2527,0.4497,0.7024,0.4687,0.5591
188,0.2641,0.4267,0.6908,0.488,0.5591
189,0.2591,0.4638,0.7229,0.509,0.5591
190,0.2595,0.4542,0.7137,0.4924,0.5591
191,0.2625,0.4444,0.7069,0.4896,0.5591
192,0.2718,0.5247,0.7964,0.4703,0.5591
193,0.2588,0.4564,0.7152,0.4708,0.5591
194,0.2529,0.4687,0.7216,0.488,0.5591
195,0.2482,0.439,0.6872,0.4423,0.5591
196,0.2536,0.4452,0.6988,0.4423,0.5591
197,0.2497,0.4649,0.7146,0.486,0.5591
198,0.2529,0.4469,0.6999,0.4835,0.5591
199,0.242,0.4704,0.7124,0.5159,0.5591
200,0.2603,0.4776,0.738,0.4904,0.5591
201,0.2576,0.4542,0.7119,0.542,0.5591
202,0.2588,0.4174,0.6762,0.4898,0.5591
203,0.2594,0.488,0.7475,0.4835,0.5591
204,0.2527,0.448,0.7007,0.542,0.5591
205,0.2411,0.4468,0.6878,0.4829,0.5591
206,0.2426,0.438,0.6805,0.4835,0.5591
207,0.2434,0.4467,0.6901,0.544,0.5591
208,0.2416,0.4343,0.6759,0.4835,0.5591
209,0.2444,0.4303,0.6746,0.4904,0.5591
210,0.2452,0.4454,0.6906,0.5298,0.5591
211,0.2377,0.4564,0.6941,0.5132,0.5591
212,0.2647,0.4201,0.6848,0.4876,0.5591
213,0.257,0.4323,0.6893,0.4901,0.5591
214,0.2448,0.4318,0.6766,0.448,0.5591
215,0.2303,0.4154,0.6457,0.4964,0.5591
216,0.2326,0.4107,0.6433,0.5022,0.5591
217,0.2372,0.387,0.6241,0.5298,0.5591
218,0.2348,0.4026,0.6373,0.4876,0.5591
219,0.2487,0.3969,0.6457,0.5294,0.5591
220,0.2344,0.416,0.6505,0.4934,0.5591
221,0.2334,0.402,0.6354,0.4708,0.5591
222,0.2528,0.4187,0.6715,0.4835,0.5591
223,0.2413,0.4045,0.6458,0.4772,0.5591
224,0.2323,0.383,0.6152,0.4964,0.5591
225,0.2512,0.4222,0.6733,0.4891,0.5591
226,0.2547,0.3885,0.6432,0.4777,0.5591
227,0.2381,0.4392,0.6773,0.4807,0.5591
228,0.2336,0.3951,0.6287,0.5262,0.5591
229,0.2295,0.4088,0.6383,0.5027,0.5591
230,0.2398,0.4075,0.6473,0.542,0.5591
231,0.2316,0.4001,0.6317,0.5132,0.5591
232,0.2411,0.3958,0.6369,0.4835,0.5591
233,0.2308,0.4211,0.6519,0.5294,0.5591
234,0.2165,0.3895,0.6061,0.5429,0.5591
235,0.2225,0.3505,0.5729,0.5367,0.5591
236,0.2288,0.3995,0.6283,0.5294,0.5591
237,0.2352,0.4241,0.6592,0.5424,0.5591
238,0.2301,0.396,0.6261,0.5294,0.5591
239,0.2269,0.4057,0.6326,0.5298,0.5591
240,0.2315,0.3889,0.6203,0.5298,0.5591
241,0.2269,0.378,0.6049,0.5318,0.5591
242,0.2366,0.4023,0.6389,0.5318,0.5591
243,0.2374,0.3957,0.6331,0.5294,0.5591
244,0.2295,0.3793,0.6087,0.5465,0.5591
245,0.2359,0.392,0.628,0.5294,0.5591
246,0.2458,0.3651,0.6109,0.4891,0.5591
247,0.24,0.3831,0.6231,0.486,0.5591
248,0.2337,0.3944,0.6281,0.4965,0.5591
249,0.2244,0.3694,0.5938,0.5424,0.5591
250,0.2121,0.3787,0.5907,0.5298,0.5591
251,0.2192,0.412,0.6312,0.542,0.5591
252,0.2197,0.3761,0.5958,0.4474,0.5591
253,0.247,0.3542,0.6013,0.5318,0.5591
254,0.2395,0.3631,0.6026,0.5298,0.5591
255,0.2206,0.3723,0.5929,0.5298,0.5591
256,0.2241,0.3996,0.6237,0.5149,0.5591
257,0.2257,0.3896,0.6153,0.5298,0.5591
258,0.2241,0.3866,0.6106,0.5298,0.5591
259,0.2131,0.377,0.5901,0.5294,0.5591
260,0.2328,0.3964,0.6292,0.5298,0.5591
261,0.2148,0.3747,0.5895,0.5424,0.5591
262,0.2082,0.3631,0.5713,0.5298,0.5591
263,0.2296,0.3695,0.5991,0.5294,0.5591
264,0.2253,0.3748,0.6001,0.5298,0.5591
265,0.2222,0.3819,0.604,0.4876,0.5591
266,0.2136,0.3562,0.5698,0.4839,0.5591
267,0.2176,0.3751,0.5927,0.5298,0.5591
268,0.2179,0.358,0.5758,0.5263,0.5591
269,0.2175,0.3687,0.5862,0.4332,0.5591
270,0.2042,0.3548,0.5589,0.5298,0.5591
271,0.196,0.3525,0.5485,0.4896,0.5591
272,0.2256,0.35,0.5756,0.4896,0.5591
273,0.2152,0.3355,0.5507,0.5011,0.5591
274,0.2053,0.3751,0.5804,0.4896,0.5591
275,0.2287,0.3737,0.6024,0.5298,0.5591
276,0.192,0.3227,0.5147,0.4896,0.5591
277,0.209,0.3498,0.5588,0.4708,0.5591
278,0.2275,0.3452,0.5727,0.5007,0.5591
279,0.2044,0.3485,0.5529,0.5298,0.5591
280,0.2288,0.3761,0.6048,0.5298,0.5591
281,0.2058,0.3623,0.5681,0.4876,0.5591
282,0.2139,0.3224,0.5363,0.5298,0.5591
283,0.2148,0.3581,0.5729,0.4306,0.5591
284,0.2092,0.3532,0.5625,0.5007,0.5591
285,0.2145,0.3381,0.5526,0.4577,0.5591
286,0.1956,0.3199,0.5155,0.4876,0.5591
287,0.2007,0.3492,0.55,0.5294,0.5591
288,0.2314,0.3128,0.5441,0.5298,0.5591
289,0.2015,0.3394,0.5408,0.5298,0.5591
290,0.2083,0.3403,0.5487,0.5298,0.5591
291,0.2051,0.3193,0.5244,0.5294,0.5591
292,0.2164,0.2998,0.5162,0.5498,0.5591
293,0.2185,0.3312,0.5497,0.4734,0.5591
294,0.2113,0.363,0.5743,0.493,0.5591
295,0.2116,0.3428,0.5544,0.5298,0.5591
296,0.1916,0.3268,0.5184,0.5429,0.5591
297,0.1953,0.3179,0.5133,0.5298,0.5591
298,0.2123,0.3037,0.516,0.4734,0.5591
299,0.214,0.3367,0.5507,0.4853,0.5591
0,1.1365,1.173,2.3094,0.3437,0.3437
1,1.07,0.9776,2.0476,0.3119,0.3437
2,0.8919,0.8658,1.7577,0.3553,0.3553
3,0.8866,0.8042,1.6908,0.3747,0.3747
4,0.8608,0.8525,1.7133,0.3623,0.3747
5,0.8645,0.8035,1.6681,0.3775,0.3775
6,0.7952,0.7691,1.5643,0.3444,0.3775
7,0.7841,0.8198,1.6039,0.3691,0.3775
8,0.7579,0.8174,1.5753,0.3592,0.3775
9,0.7294,0.7765,1.506,0.359,0.3775
10,0.6812,0.7329,1.4141,0.3634,0.3775
11,0.7013,0.77,1.4714,0.3741,0.3775
12,0.6951,0.812,1.507,0.38,0.38
13,0.6532,0.742,1.3952,0.3751,0.38
14,0.66,0.7279,1.3879,0.3977,0.3977
15,0.6682,0.7755,1.4438,0.3942,0.3977
16,0.6293,0.7525,1.3818,0.4019,0.4019
17,0.618,0.6776,1.2956,0.3847,0.4019
18,0.5897,0.7795,1.3692,0.4109,0.4109
19,0.5994,0.7297,1.3291,0.3818,0.4109
20,0.6059,0.7314,1.3373,0.3973,0.4109
21,0.5699,0.7316,1.3015,0.4003,0.4109
22,0.5996,0.7192,1.3188,0.4174,0.4174
23,0.5424,0.736,1.2784,0.3616,0.4174
24,0.5639,0.671,1.2348,0.4005,0.4174
25,0.5352,0.7794,1.3146,0.3728,0.4174
26,0.5446,0.7206,1.2652,0.3888,0.4174
27,0.5519,0.6888,1.2407,0.3413,0.4174
28,0.5361,0.7284,1.2645,0.3832,0.4174
29,0.5373,0.6615,1.1988,0.3709,0.4174
30,0.5362,0.7499,1.2861,0.3874,0.4174
31,0.5405,0.6504,1.1908,0.355,0.4174
32,0.4962,0.6823,1.1784,0.3779,0.4174
33,0.4964,0.7553,1.2517,0.3949,0.4174
34,0.5016,0.7004,1.202,0.3485,0.4174
35,0.4749,0.7591,1.234,0.4154,0.4174
36,0.4831,0.7126,1.1956,0.3548,0.4174
37,0.5016,0.6842,1.1858,0.3858,0.4174
38,0.4825,0.729,1.2115,0.3889,0.4174
39,0.457,0.6946,1.1516,0.4154,0.4174
40,0.4748,0.7088,1.1836,0.3728,0.4174
41,0.4689,0.6988,1.1677,0.3728,0.4174
42,0.4881,0.6757,1.1639,0.3675,0.4174
43,0.4655,0.7275,1.193,0.3651,0.4174
44,0.4848,0.6652,1.15,0.3469,0.4174
45,0.4452,0.6849,1.1302,0.3728,0.4174
46,0.4863,0.6976,1.1838,0.3464,0.4174
47,0.4422,0.6598,1.1021,0.3954,0.4174
48,0.4266,0.6836,1.1102,0.3538,0.4174
49,0.4661,0.6384,1.1046,0.3815,0.4174
50,0.4354,0.6414,1.0768,0.413,0.4174
51,0.4338,0.6656,1.0994,0.4031,0.4174
52,0.4281,0.6992,1.1273,0.3681,0.4174
53,0.4212,0.6699,1.0911,0.3718,0.4174
54,0.4272,0.6854,1.1126,0.3615,0.4174
55,0.3885,0.6629,1.0514,0.3482,0.4174
56,0.4279,0.6449,1.0729,0.4033,0.4174
57,0.408,0.6574,1.0654,0.3985,0.4174
58,0.4317,0.6417,1.0734,0.3847,0.4174
59,0.4051,0.6627,1.0678,0.3698,0.4174
60,0.4008,0.6164,1.0171,0.3537,0.4174
61,0.4063,0.6467,1.053,0.3615,0.4174
62,0.3949,0.6135,1.0084,0.3809,0.4174
63,0.3913,0.6794,1.0707,0.3421,0.4174
64,0.4124,0.6684,1.0809,0.3579,0.4174
65,0.4194,0.6038,1.0232,0.3347,0.4174
66,0.3872,0.6706,1.0578,0.347,0.4174
67,0.4036,0.6497,1.0534,0.3806,0.4174
68,0.4228,0.6459,1.0687,0.3256,0.4174
69,0.3927,0.6556,1.0483,0.3492,0.4174
70,0.3828,0.6221,1.0049,0.3764,0.4174
71,0.398,0.5912,0.9892,0.3777,0.4174
72,0.3853,0.6495,1.0348,0.3893,0.4174
73,0.3806,0.6227,1.0033,0.3815,0.4174
74,0.3895,0.6832,1.0728,0.3906,0.4174
75,0.3864,0.6127,0.9991,0.3624,0.4174
76,0.3938,0.6113,1.0052,0.3906,0.4174
77,0.3941,0.6113,1.0053,0.4026,0.4174
78,0.3708,0.6418,1.0126,0.3882,0.4174
79,0.3628,0.6429,1.0057,0.3692,0.4174
80,0.3824,0.6113,0.9937,0.4235,0.4235
81,0.3497,0.5968,0.9465,0.4086,0.4235
82,0.3803,0.6107,0.991,0.3912,0.4235
83,0.3441,0.6275,0.9717,0.4069,0.4235
84,0.351,0.5995,0.9504,0.3862,0.4235
85,0.3547,0.609,0.9637,0.4039,0.4235
86,0.3563,0.5959,0.9523,0.3976,0.4235
87,0.3636,0.6285,0.9921,0.3761,0.4235
88,0.3442,0.6074,0.9516,0.3932,0.4235
89,0.3549,0.5946,0.9495,0.3798,0.4235
90,0.3478,0.5755,0.9232,0.3808,0.4235
91,0.3612,0.6079,0.9691,0.4031,0.4235
92,0.3414,0.5938,0.9352,0.4176,0.4235
93,0.3561,0.6209,0.977,0.3786,0.4235
94,0.3419,0.5874,0.9293,0.3974,0.4235
95,0.3366,0.5462,0.8828,0.4241,0.4241
96,0.3268,0.5912,0.918,0.4063,0.4241
97,0.3431,0.5863,0.9294,0.4125,0.4241
98,0.3477,0.5827,0.9305,0.4058,0.4241
99,0.3393,0.5806,0.9199,0.3985,0.4241
100,0.338,0.5728,0.9108,0.4446,0.4446
101,0.3406,0.5585,0.8991,0.405,0.4446
102,0.3317,0.5841,0.9158,0.4077,0.4446
103,0.3071,0.5712,0.8782,0.4061,0.4446
104,0.3119,0.5822,0.8942,0.4139,0.4446
105,0.3356,0.6082,0.9437,0.4167,0.4446
106,0.3377,0.568,0.9057,0.3806,0.4446
107,0.3314,0.5749,0.9063,0.4162,0.4446
108,0.3212,0.5192,0.8404,0.4269,0.4446
109,0.3151,0.5633,0.8784,0.4089,0.4446
110,0.3068,0.5727,0.8795,0.3802,0.4446
111,0.3441,0.5897,0.9338,0.3862,0.4446
112,0.3257,0.5367,0.8624,0.3776,0.4446
113,0.3295,0.5521,0.8816,0.4177,0.4446
114,0.3078,0.5534,0.8611,0.4009,0.4446
115,0.3219,0.5643,0.8862,0.4352,0.4446
116,0.3091,0.531,0.8401,0.4162,0.4446
117,0.3149,0.5374,0.8523,0.4005,0.4446
118,0.2971,0.534,0.8311,0.3736,0.4446
119,0.3149,0.5708,0.8857,0.4009,0.4446
120,0.2929,0.5785,0.8714,0.3887,0.4446
121,0.3083,0.5442,0.8526,0.3926,0.4446
122,0.3069,0.522,0.829,0.4014,0.4446
123,0.2816,0.5734,0.8551,0.3802,0.4446
124,0.3074,0.4798,0.7872,0.4165,0.4446
125,0.3048,0.5342,0.839,0.3876,0.4446
126,0.3138,0.5695,0.8833,0.3806,0.4446
127,0.282,0.5331,0.8151,0.4301,0.4446
128,0.3131,0.5267,0.8398,0.4064,0.4446
129,0.2856,0.5368,0.8224,0.3925,0.4446
130,0.2827,0.5525,0.8351,0.3973,0.4446
131,0.301,0.5255,0.8265,0.4237,0.4446
132,0.2944,0.5471,0.8415,0.4055,0.4446
133,0.2877,0.5321,0.8198,0.4183,0.4446
134,0.2802,0.5574,0.8375,0.4432,0.4446
135,0.2902,0.5868,0.8771,0.4174,0.4446
136,0.287,0.5458,0.8327,0.3661,0.4446
137,0.2905,0.4962,0.7866,0.3976,0.4446
138,0.2851,0.5238,0.8089,0.4234,0.4446
139,0.3023,0.4951,0.7974,0.4367,0.4446
140,0.2765,0.5633,0.8399,0.4184,0.4446
141,0.3053,0.5141,0.8195,0.3886,0.4446
142,0.2931,0.5266,0.8197,0.4174,0.4446
143,0.2818,0.4944,0.7762,0.3876,0.4446
144,0.2716,0.4767,0.7483,0.4068,0.4446
145,0.2634,0.5261,0.7895,0.4043,0.4446
146,0.3047,0.5039,0.8086,0.3574,0.4446
147,0.2882,0.5349,0.823,0.3973,0.4446
148,0.2685,0.4699,0.7384,0.3636,0.4446
149,0.2706,0.4952,0.7658,0.397,0.4446
150,0.2616,0.5091,0.7707,0.3744,0.4446
151,0.2778,0.5317,0.8095,0.4241,0.4446
152,0.2588,0.5221,0.7809,0.4066,0.4446
153,0.2801,0.5069,0.787,0.4133,0.4446
154,0.2649,0.5241,0.789,0.3957,0.4446
155,0.2558,0.5129,0.7687,0.4075,0.4446
156,0.2639,0.5324,0.7963,0.425,0.4446
157,0.2629,0.512,0.775,0.4092,0.4446
158,0.2728,0.4836,0.7565,0.3868,0.4446
159,0.2689,0.4821,0.751,0.4057,0.4446
160,0.271,0.517,0.788,0.4128,0.4446
161,0.2684,0.5023,0.7707,0.4036,0.4446
162,0.2674,0.512,0.7794,0.3837,0.4446
163,0.269,0.446,0.715,0.425,0.4446
164,0.2591,0.4933,0.7525,0.393,0.4446
165,0.2631,0.4888,0.7519,0.425,0.4446
166,0.2634,0.479,0.7424,0.4342,0.4446
167,0.271,0.4937,0.7647,0.4268,0.4446
168,0.2685,0.4498,0.7183,0.4188,0.4446
169,0.2821,0.4607,0.7428,0.4194,0.4446
170,0.2651,0.5008,0.7659,0.4082,0.4446
171,0.2457,0.4475,0.6933,0.4462,0.4462
172,0.2759,0.4456,0.7214,0.4309,0.4462
173,0.2589,0.4292,0.6881,0.3859,0.4462
174,0.251,0.4358,0.6867,0.4012,0.4462
175,0.2632,0.4378,0.701,0.3907,0.4462
176,0.2615,0.523,0.7845,0.4272,0.4462
177,0.2395,0.4544,0.6939,0.4024,0.4462
178,0.2451,0.4477,0.6928,0.4365,0.4462
179,0.2594,0.4525,0.7119,0.3808,0.4462
180,0.2408,0.4582,0.6989,0.4361,0.4462
181,0.2526,0.4632,0.7158,0.4129,0.4462
182,0.2449,0.4468,0.6917,0.4151,0.4462
183,0.2411,0.5177,0.7588,0.4202,0.4462
184,0.2551,0.4929,0.7481,0.3773,0.4462
185,0.2538,0.4516,0.7054,0.3961,0.4462
186,0.2423,0.4662,0.7085,0.4315,0.4462
187,0.2623,0.4442,0.7065,0.4089,0.4462
188,0.2581,0.4536,0.7117,0.4183,0.4462
189,0.2552,0.4265,0.6817,0.4009,0.4462
190,0.2491,0.461,0.7101,0.4268,0.4462
191,0.2555,0.4424,0.6978,0.4123,0.4462
192,0.2449,0.4571,0.702,0.4256,0.4462
193,0.2451,0.4276,0.6727,0.4194,0.4462
194,0.2498,0.4518,0.7016,0.4028,0.4462
195,0.2577,0.4447,0.7024,0.4466,0.4466
196,0.2448,0.4176,0.6623,0.4165,0.4466
197,0.2452,0.4224,0.6676,0.4081,0.4466
198,0.236,0.4266,0.6627,0.4168,0.4466
199,0.2397,0.4285,0.6682,0.4176,0.4466
200,0.2302,0.4158,0.646,0.4079,0.4466
201,0.2422,0.4113,0.6535,0.4473,0.4473
202,0.2281,0.4137,0.6419,0.3817,0.4473
203,0.2355,0.4398,0.6753,0.4107,0.4473
204,0.2468,0.4092,0.6559,0.3953,0.4473
205,0.2337,0.3813,0.6151,0.3801,0.4473
206,0.2241,0.4218,0.6459,0.418,0.4473
207,0.2415,0.4556,0.697,0.4116,0.4473
208,0.2355,0.4381,0.6737,0.396,0.4473
209,0.2221,0.4354,0.6575,0.3592,0.4473
210,0.2293,0.3967,0.626,0.3806,0.4473
211,0.2296,0.4284,0.658,0.3841,0.4473
212,0.2209,0.4292,0.6501,0.3936,0.4473
213,0.2289,0.4231,0.652,0.3974,0.4473
214,0.2405,0.4253,0.6658,0.3596,0.4473
215,0.2256,0.424,0.6496,0.4021,0.4473
216,0.2258,0.4242,0.65,0.3788,0.4473
217,0.2306,0.3955,0.6261,0.4136,0.4473
218,0.2242,0.3977,0.6219,0.4051,0.4473
219,0.237,0.4218,0.6588,0.4213,0.4473
220,0.2145,0.3922,0.6067,0.3844,0.4473
221,0.2268,0.4367,0.6635,0.4293,0.4473
222,0.2262,0.4005,0.6267,0.4249,0.4473
223,0.2285,0.438,0.6664,0.3909,0.4473
224,0.2271,0.3928,0.6199,0.3952,0.4473
225,0.2271,0.3988,0.6259,0.41,0.4473
226,0.2106,0.3864,0.597,0.4262,0.4473
227,0.2192,0.4185,0.6377,0.3887,0.4473
228,0.2198,0.366,0.5858,0.3853,0.4473
229,0.2267,0.3942,0.6209,0.3989,0.4473
230,0.2186,0.4331,0.6516,0.3989,0.4473
231,0.2139,0.4169,0.6309,0.3999,0.4473
232,0.2306,0.423,0.6536,0.3998,0.4473
233,0.2155,0.3977,0.6132,0.4592,0.4592
234,0.2194,0.4006,0.62,0.3948,0.4592
235,0.218,0.4011,0.6191,0.4112,0.4592
236,0.218,0.3619,0.5798,0.4177,0.4592
237,0.2092,0.4291,0.6383,0.4019,0.4592
238,0.2048,0.3865,0.5912,0.416,0.4592
239,0.2272,0.3612,0.5884,0.4079,0.4592
240,0.2113,0.3898,0.6011,0.4013,0.4592
241,0.2164,0.3645,0.5809,0.3868,0.4592
242,0.2027,0.3759,0.5786,0.429,0.4592
243,0.2077,0.36,0.5678,0.3802,0.4592
244,0.2102,0.3775,0.5877,0.4283,0.4592
245,0.2119,0.3767,0.5886,0.3714,0.4592
246,0.2218,0.3574,0.5792,0.3992,0.4592
247,0.2149,0.3869,0.6017,0.4123,0.4592
248,0.2058,0.3929,0.5988,0.3958,0.4592
249,0.2093,0.3707,0.58,0.4081,0.4592
250,0.2096,0.3547,0.5643,0.4093,0.4592
251,0.214,0.3589,0.5729,0.4332,0.4592
252,0.1941,0.3441,0.5382,0.4041,0.4592
253,0.2095,0.3681,0.5776,0.4365,0.4592
254,0.2037,0.348,0.5517,0.4045,0.4592
255,0.2008,0.4001,0.601,0.4036,0.4592
256,0.2132,0.3395,0.5528,0.3842,0.4592
257,0.2215,0.3634,0.5848,0.4514,0.4592
258,0.2163,0.3635,0.5798,0.411,0.4592
259,0.1989,0.3593,0.5583,0.4309,0.4592
260,0.2031,0.3746,0.5777,0.4277,0.4592
261,0.2038,0.3468,0.5507,0.3952,0.4592
262,0.2022,0.3633,0.5655,0.4209,0.4592
263,0.2178,0.3392,0.557,0.4209,0.4592
264,0.2059,0.3573,0.5632,0.4121,0.4592
265,0.209,0.3606,0.5696,0.4039,0.4592
266,0.2064,0.3939,0.6004,0.416,0.4592
267,0.2006,0.3853,0.5859,0.416,0.4592
268,0.1969,0.3512,0.5482,0.4148,0.4592
269,0.1993,0.3335,0.5329,0.428,0.4592
270,0.1962,0.3532,0.5494,0.4127,0.4592
271,0.1986,0.3754,0.574,0.4065,0.4592
272,0.2021,0.309,0.5111,0.3945,0.4592
273,0.1979,0.3356,0.5335,0.4089,0.4592
274,0.2091,0.3641,0.5732,0.3719,0.4592
275,0.2002,0.3151,0.5154,0.3748,0.4592
276,0.207,0.3173,0.5243,0.405,0.4592
277,0.2012,0.3199,0.5211,0.3846,0.4592
278,0.1975,0.3464,0.5439,0.4179,0.4592
279,0.2079,0.3481,0.556,0.3584,0.4592
280,0.2143,0.3357,0.55,0.3966,0.4592
281,0.1914,0.3291,0.5204,0.3993,0.4592
282,0.2037,0.3234,0.5271,0.3692,0.4592
283,0.1887,0.3272,0.5159,0.4309,0.4592
284,0.1883,0.3159,0.5042,0.3853,0.4592
285,0.2062,0.3355,0.5416,0.3963,0.4592
286,0.1877,0.3103,0.498,0.4094,0.4592
287,0.1981,0.3458,0.5439,0.3968,0.4592
288,0.2047,0.3279,0.5326,0.3937,0.4592
289,0.1895,0.3247,0.5142,0.4196,0.4592
290,0.1897,0.3216,0.5113,0.3853,0.4592
291,0.1854,0.3385,0.5239,0.3805,0.4592
292,0.1866,0.2972,0.4838,0.4158,0.4592
293,0.1943,0.3286,0.5229,0.362,0.4592
294,0.1871,0.3441,0.5312,0.3857,0.4592
295,0.1894,0.2739,0.4633,0.3817,0.4592
296,0.174,0.3127,0.4866,0.4285,0.4592
297,0.2121,0.2862,0.4983,0.4136,0.4592
298,0.192,0.2892,0.4812,0.3915,0.4592
299,0.1814,0.3082,0.4896,0.378,0.4592
